epoch,train loss,train acc,test acc,time
1,2.00070,0.31667,0.16667,3.022221803665161
