epoch,train loss,train acc,test acc,time
1,2.06952,0.12222,0.17099,2.086441993713379
