epoch,train loss,train acc,test acc,time
1,1.44086,0.41667,0.12037,10.659859657287598
