epoch,train loss,train acc,test acc,time
1,1.55576,0.41111,0.16667,1.813767910003662
2,0.94055,0.66111,0.16667,1.954416036605835
3,0.49091,0.85556,0.16667,2.0998692512512207
4,0.27665,0.91111,0.16667,2.244535684585572
5,0.20699,0.93333,0.16667,2.390592098236084
6,0.17379,0.93889,0.16667,2.534319877624512
7,0.11745,0.97222,0.16667,2.679682970046997
